constraint_name,relation_name,index_name,field_name,field_position,referenced_constraint,referenced_relation,referenced_field,update_rule,delete_rule
FK_BANKSTATEMENTLINE_BS,BANKSTATEMENTLINE,FK_BANKSTATEMENTLINE_BS,BS_ID,0,PK_BANKSTATEMENT,BANKSTATEMENT,BS_ID,RESTRICT,RESTRICT
FK_BP_BLDGNAMES,BUSINESSPERMIT,FK_BP_BLDGNAMES,BUILDINGNAME_CT,0,PK_T_BUILDINGNAMES_1,T_BUILDINGNAMES,CODE,RESTRICT,RESTRICT
FK_BP_TAXPAYER,BUSINESSPERMIT,FK_BP_TAXPAYER,LOCAL_TIN,0,PK_TAXPAYER_1,TAXPAYER,LOCAL_TIN,RESTRICT,RESTRICT
FK_BUSINESSPERMIT_1,BUSINESSPERMIT,FK_BUSINESSPERMIT_1,BPMUN_ID,0,PK_T_MUNICIPALITY_1,T_MUNICIPALITY,MUNICIPAL_ID,RESTRICT,RESTRICT
FK_BUSINESSPERMIT_2,BUSINESSPERMIT,FK_BUSINESSPERMIT_2,BPPROV_CT,0,PK_T_PROVINCE_1,T_PROVINCE,CODE,RESTRICT,RESTRICT
FK_BUSINESS_REF_PROPB_PROPERTY,BUSINESSPERMIT,FK_BUSINESS_REF_PROPB_PROPERTY,PROP_ID,0,PK_PROPERTY_1,PROPERTY,PROP_ID,RESTRICT,RESTRICT
FK_BPCLRANCE_BP,BUSINESSPERMITCLEARANCE,FK_BPCLRANCE_BP,BP_ID,0,PK_BUSINESSPERMIT_1,BUSINESSPERMIT,BP_ID,RESTRICT,RESTRICT
FK_BPCLRANCE_TBPCLRANCE,BUSINESSPERMITCLEARANCE,FK_BPCLRANCE_TBPCLRANCE,BPCLEARANCE_CT,0,PK_T_BPCLEARANCE_1,T_BPCLEARANCE,CODE,RESTRICT,RESTRICT
FK_BPCDET_BP,BUSINESSPERMITCLEARANCEDETAIL,FK_BPCDET_BP,BP_ID,0,PK_BUSINESSPERMIT_1,BUSINESSPERMIT,BP_ID,RESTRICT,RESTRICT
FK_BPCDET_BPC,BUSINESSPERMITCLEARANCEDETAIL,FK_BPCDET_BPC,BPC_ID,0,PK_BUSINESSPERMITCLEARANCE_1,BUSINESSPERMITCLEARANCE,BPC_ID,RESTRICT,RESTRICT
FK_BUSINESS_FK_BPCDET_BUSINESS,BUSINESSPERMITCLEARANCEDETAIL,FK_BUSINESS_FK_BPCDET_BUSINESS,BPC_ID,0,PK_BUSINESSPERMITCLEARANCE_1,BUSINESSPERMITCLEARANCE,BPC_ID,RESTRICT,RESTRICT
FK_BUSINESS_FK_BP_BPC_BUSINESS,BUSINESSPERMITCLEARANCEDETAIL,FK_BUSINESS_FK_BP_BPC_BUSINESS,BP_ID,0,PK_BUSINESSPERMIT_1,BUSINESSPERMIT,BP_ID,RESTRICT,RESTRICT
FK_BPD_BP,BUSINESSPERMITDETAIL,FK_BPD_BP,BP_ID,0,PK_BUSINESSPERMIT_1,BUSINESSPERMIT,BP_ID,RESTRICT,RESTRICT
FK_BPJ_BP,BUSINESSPERMITJOURNAL,FK_BPJ_BP,BP_ID,0,PK_BUSINESSPERMIT_1,BUSINESSPERMIT,BP_ID,RESTRICT,RESTRICT
FK_BPPREVGROSS_BPCTGRY,BUSINESSPERMITPREVGROSS,FK_BPPREVGROSS_BPCTGRY,BPCATEGORY_ID,0,PK_T_BPCATEGORY_1,T_BPCATEGORY,CODE,RESTRICT,RESTRICT
FK_BPSTAT_TBPSTAT,BUSINESSPERMITSTATUS,FK_BPSTAT_TBPSTAT,BPSTATUS_CT,0,INTEG_367,T_BPSTATUS,CODE,RESTRICT,RESTRICT
FK_COMMUNITYTAXCERTIFICATE_1,COMMUNITYTAXCERTIFICATE,FK_COMMUNITYTAXCERTIFICATE_1,LOCAL_TIN,0,PK_TAXPAYER_1,TAXPAYER,LOCAL_TIN,NO ACTION,NO ACTION
FK_EEBILL_0,EEBILL,FK_EEBILL_0,CONSIGNEELOCAL_TIN,0,PK_TAXPAYER_1,TAXPAYER,LOCAL_TIN,RESTRICT,RESTRICT
FK_EEBILL_1,EEBILL,FK_EEBILL_1,OWNERLOCAL_TIN,0,PK_TAXPAYER_1,TAXPAYER,LOCAL_TIN,RESTRICT,RESTRICT
FK_EEBILL_2,EEBILL,FK_EEBILL_2,TYPEOFFEE_CT,0,PK_T_EETYPEOFFEE_1,T_EETYPEOFFEE,CODE,RESTRICT,RESTRICT
FK_EEBILL_3,EEBILL,FK_EEBILL_3,LIVESTOCK_CT,0,PK_T_EELIVESTOCK_1,T_EELIVESTOCK,CODE,RESTRICT,RESTRICT
FK_EECITATION_1,EECITATION,FK_EECITATION_1,EECONTRACT_ID,0,PK_EECONTRACT_1,EECONTRACT,EECONTRACT_ID,RESTRICT,RESTRICT
FK_EECITATIONTICKETDETAIL_0,EECITATIONTICKETDETAIL,FK_EECITATIONTICKETDETAIL_0,CITATION_ID,0,PK_EECITATION_1,EECITATION,CITATION_ID,RESTRICT,RESTRICT
FK_EECITATIONTICKETDETAIL_1,EECITATIONTICKETDETAIL,FK_EECITATIONTICKETDETAIL_1,VIOLATION_CT,0,PK_T_VIOLATION_1,T_VIOLATION,CODE,RESTRICT,RESTRICT
FK_EECLEARANCE_1,EECLEARANCE,FK_EECLEARANCE_1,EECLEARANCE_CT,0,PK_T_EECLEARANCE_1,T_EECLEARANCE,CODE,RESTRICT,RESTRICT
FK_EECLEARANCE_2,EECLEARANCE,FK_EECLEARANCE_2,EECONTRACT_ID,0,PK_EECONTRACT_1,EECONTRACT,EECONTRACT_ID,RESTRICT,RESTRICT
FK_EECONTRACT,EECONTRACT,FK_EECONTRACT,ITAXTYPE_CT,0,PK_T_ITAXTYPE_1,T_ITAXTYPE,CODE,RESTRICT,RESTRICT
FK_EECONTRACT_1,EECONTRACT,FK_EECONTRACT_1,LOCAL_TIN,0,PK_TAXPAYER_1,TAXPAYER,LOCAL_TIN,RESTRICT,RESTRICT
FK_EECONTRACT_3,EECONTRACT,FK_EECONTRACT_3,EESECTION_CT,0,PK_T_EESECTION_1,T_EESECTION,CODE,RESTRICT,RESTRICT
FK_EECONTRACT_4,EECONTRACT,FK_EECONTRACT_4,EELOCATION_CT,0,PK_T_EELOCATION_1,T_EELOCATION,CODE,RESTRICT,RESTRICT
FK_ENFORCEMENT_1,ENFORCEMENT,FK_ENFORCEMENT_1,ENFORCEMENTSTATUS_CT,0,PK_T_ENFORCEMENTSTATUS_1,T_ENFORCEMENTSTATUS,CODE,RESTRICT,RESTRICT
FK_ENFORCEMENT_2,ENFORCEMENT,FK_ENFORCEMENT_2,ENFORCEMENTTYPE_CT,0,PK_T_ENFORCEMENTTYPE_1,T_ENFORCEMENTTYPE,CODE,RESTRICT,RESTRICT
FK_MANUALDEBIT_PROPERTY,MANUALDEBIT,FK_MANUALDEBIT_PROPERTY,PROP_ID,0,PK_PROPERTY_1,PROPERTY,PROP_ID,RESTRICT,RESTRICT
FK_MANUALDEBIT_RPTASSESSMENT,MANUALDEBIT,FK_MANUALDEBIT_RPTASSESSMENT,TAXTRANS_ID,0,PK_RPTASSESSMENT_1,RPTASSESSMENT,TAXTRANS_ID,RESTRICT,RESTRICT
FK_MCHREQUIREMENT_1,MCHREQUIREMENT,FK_MCHREQUIREMENT_1,REQUIREMENT_ID,0,PK_T_REQUIREMENT_1,T_REQUIREMENT,CODE,RESTRICT,RESTRICT
FK_PAYMENT_1,PAYMENT,FK_PAYMENT_1,PAYMODE_CT,0,PK_T_PAYMODE_1,T_PAYMODE,CODE,RESTRICT,RESTRICT
FK_PAYMENT_TAXPAYER,PAYMENT,FK_PAYMENT_TAXPAYER,LOCAL_TIN,0,PK_TAXPAYER_1,TAXPAYER,LOCAL_TIN,RESTRICT,RESTRICT
FK_PAYMENT_TSTATUS,PAYMENT,FK_PAYMENT_TSTATUS,STATUS_CT,0,PK_T_STATUS_1,T_STATUS,CODE,RESTRICT,RESTRICT
FK_PAYMENTDETAIL_FUNDTYPE,PAYMENTDETAIL,FK_PAYMENTDETAIL_FUNDTYPE,FUNDTYPE_CT,0,PK_T_FUNDTYPE,T_FUNDTYPE,CODE,RESTRICT,RESTRICT
FK_PAYMENTDETAIL_PAYMENT,PAYMENTDETAIL,FK_PAYMENTDETAIL_PAYMENT,PAYMENT_ID,0,PK_PAYMENT_1,PAYMENT,PAYMENT_ID,RESTRICT,RESTRICT
FK_POSTINGJOURNAL_PROPERTY,POSTINGJOURNAL,FK_POSTINGJOURNAL_PROPERTY,PROP_ID,0,PK_PROPERTY_1,PROPERTY,PROP_ID,RESTRICT,RESTRICT
FK_POSTINGJOURNAL_RPTASSESSMENT,POSTINGJOURNAL,FK_POSTINGJOURNAL_RPTASSESSMENT,TAXTRANS_ID,0,PK_RPTASSESSMENT_1,RPTASSESSMENT,TAXTRANS_ID,RESTRICT,RESTRICT
FK_POSTINGJOURNAL_TAXPAYER,POSTINGJOURNAL,FK_POSTINGJOURNAL_TAXPAYER,LOCAL_TIN,0,PK_TAXPAYER_1,TAXPAYER,LOCAL_TIN,RESTRICT,RESTRICT
FK_PROPERTY_TOWNERTYPE,PROPERTY,FK_PROPERTY_TOWNERTYPE,OWNERTYPE_CT,0,PK_T_OWNERTYPE_1,T_OWNERTYPE,CODE,RESTRICT,RESTRICT
FK_PROPERTY_TPROPKIND,PROPERTY,FK_PROPERTY_TPROPKIND,PROPERTYKIND_CT,0,PK_T_PROPERTYKIND_1,T_PROPERTYKIND,CODE,RESTRICT,RESTRICT
FK_PROPERTY_TPROVINCE,PROPERTY,FK_PROPERTY_TPROVINCE,PROVINCE_CT,0,PK_T_PROVINCE_1,T_PROVINCE,CODE,RESTRICT,RESTRICT
FK_PROPOWNERDET_TAXPAYER,PROPERTYOWNERDETAIL,FK_PROPOWNERDET_TAXPAYER,DETAILLOCAL_TIN,0,PK_TAXPAYER_1,TAXPAYER,LOCAL_TIN,RESTRICT,RESTRICT
FK_PROP_ID,PROPERTYTRANSACTIONDOCUMENT,FK_PROP_ID,PROP_ID,0,PK_PROPERTY_1,PROPERTY,PROP_ID,RESTRICT,RESTRICT
FK_RPTTRANSACTION_ID,PROPERTYTRANSACTIONDOCUMENT,FK_RPTTRANSACTION_ID,RPTTRANSACTION_ID,0,PK_RPTTRANSACTION_1,RPTTRANSACTION,RPTTRANSACTION_ID,RESTRICT,RESTRICT
FK_TAXTRANS_ID,PROPERTYTRANSACTIONDOCUMENT,FK_TAXTRANS_ID,TAXTRANS_ID,0,PK_RPTASSESSMENT_1,RPTASSESSMENT,TAXTRANS_ID,RESTRICT,RESTRICT
FK_RCDACCNTABLEFORM_RCDCTRLNUM,RCDACCOUNTABLEFORM,FK_RCDACCNTABLEFORM_RCDCTRLNUM,RCDCTRL_ID,0,PK_RCDCTRLNUMBER_0,RCDCTRLNUMBER,RCDCTRL_ID,RESTRICT,RESTRICT
FK_RCDCASHBREAKDOWN_RCDCTRLNUM,RCDCASHBREAKDOWN,FK_RCDCASHBREAKDOWN_RCDCTRLNUM,RCDCTRL_ID,0,PK_RCDCTRLNUMBER_0,RCDCTRLNUMBER,RCDCTRL_ID,RESTRICT,RESTRICT
FK_RCDDEPOSIT_RCDCTRLNUM,RCDDEPOSIT,FK_RCDDEPOSIT_RCDCTRLNUM,RCDCTRL_ID,0,PK_RCDCTRLNUMBER_0,RCDCTRLNUMBER,RCDCTRL_ID,RESTRICT,RESTRICT
FK_RCDORBKLETDFCTIV_RCDCTRLNUM,RCDORBOOKLETDEFECTIVE,FK_RCDORBKLETDFCTIV_RCDCTRLNUM,RCDCTRL_ID,0,PK_RCDCTRLNUMBER_0,RCDCTRLNUMBER,RCDCTRL_ID,RESTRICT,RESTRICT
FK_RPTASSDET_PROPERTYKND,RPTASSESSMENTDETAIL,FK_RPTASSDET_PROPERTYKND,PROPERTYKIND_CT,0,PK_T_PROPERTYKIND_1,T_PROPERTYKIND,CODE,RESTRICT,RESTRICT
FK_RPTASSESSMENTDETAIL_ASSLVL,RPTASSESSMENTDETAIL,FK_RPTASSESSMENTDETAIL_ASSLVL,PROPERTYKIND_CT,0,UNQ_T_ASSESSMENTLEVEL_ASSLVL,T_ASSESSMENTLEVEL,PROPERTYKIND_CT,RESTRICT,RESTRICT
FK_RPTASSESSMENTDETAIL_ASSLVL,RPTASSESSMENTDETAIL,FK_RPTASSESSMENTDETAIL_ASSLVL,ACTUALUSE_CT,1,UNQ_T_ASSESSMENTLEVEL_ASSLVL,T_ASSESSMENTLEVEL,ACTUALUSE_CT,RESTRICT,RESTRICT
FK_RPTASSESSMENTDETAIL_ASSLVL,RPTASSESSMENTDETAIL,FK_RPTASSESSMENTDETAIL_ASSLVL,GRYEAR,2,UNQ_T_ASSESSMENTLEVEL_ASSLVL,T_ASSESSMENTLEVEL,YEARSTART,RESTRICT,RESTRICT
FK_RPTASSESSMENTDETAIL_ASSLVL,RPTASSESSMENTDETAIL,FK_RPTASSESSMENTDETAIL_ASSLVL,ASSESSMENTLEVEL,3,UNQ_T_ASSESSMENTLEVEL_ASSLVL,T_ASSESSMENTLEVEL,ASSESSMENTLEVEL,RESTRICT,RESTRICT
FK_RPTBLDGDEP_RPTASSESSMENT,RPTBLDGDEPRECIATION,FK_RPTBLDGDEP_RPTASSESSMENT,TAXTRANS_ID,0,PK_RPTASSESSMENT_1,RPTASSESSMENT,TAXTRANS_ID,RESTRICT,RESTRICT
FK_RPTBLDGEXTRA_RPTASSESSMENT,RPTBLDGEXTRA,FK_RPTBLDGEXTRA_RPTASSESSMENT,TAXTRANS_ID,0,PK_RPTASSESSMENT_1,RPTASSESSMENT,TAXTRANS_ID,RESTRICT,RESTRICT
FK_RPTBLDGFLR_ACTUALUSE,RPTBLDGFLOOR,FK_RPTBLDGFLR_ACTUALUSE,ACTUALUSE_CT,0,PK_T_ACTUALUSE_1,T_ACTUALUSE,CODE,RESTRICT,RESTRICT
FK_RPTBLDGFLR_RPTASSESSMENT,RPTBLDGFLOOR,FK_RPTBLDGFLR_RPTASSESSMENT,TAXTRANS_ID,0,PK_RPTASSESSMENT_1,RPTASSESSMENT,TAXTRANS_ID,RESTRICT,RESTRICT
FK_RPTBLDGINFO_RPTASSESSMENT,RPTBLDGINFO,FK_RPTBLDGINFO_RPTASSESSMENT,TAXTRANS_ID,0,PK_RPTASSESSMENT_1,RPTASSESSMENT,TAXTRANS_ID,RESTRICT,RESTRICT
FK_RPTBLDGSTRCMT_BLDGCMP,RPTBLDGSTRUCTURALMATERIAL,FK_RPTBLDGSTRCMT_BLDGCMP,BLDGCOMPONENT_CT,0,PK_T_BLDGCOMPONENT_1,T_BLDGCOMPONENT,CODE,RESTRICT,RESTRICT
FK_RPTBLDGSTRCMT_RPTBLDGFLR,RPTBLDGSTRUCTURALMATERIAL,FK_RPTBLDGSTRCMT_RPTBLDGFLR,FLOOR_ID,0,PK_RPTBLDGFLOOR_1,RPTBLDGFLOOR,FLOOR_ID,RESTRICT,RESTRICT
FK_RPTBLDGSTRCRMT_BLDGMT,RPTBLDGSTRUCTURALMATERIAL,FK_RPTBLDGSTRCRMT_BLDGMT,BLDGMATERIAL_CT,0,PK_T_BLDGMATERIAL_1,T_BLDGMATERIAL,CODE,RESTRICT,RESTRICT
FK_RPTCANCELLED_DETAIL_1,RPTCANCELLED_DETAIL,FK_RPTCANCELLED_DETAIL_1,RPTCTAXTRANS_ID,0,PK_RPTCANCELLED_1,RPTCANCELLED,TAXTRANS_ID,RESTRICT,RESTRICT
FK_RPTCOMPDET_RPTCOMP,RPTCOMPROMISEDETAIL,FK_RPTCOMPDET_RPTCOMP,RPTC_ID,0,PK_RPTCOMPROMISE_1,RPTCOMPROMISE,RPTC_ID,RESTRICT,RESTRICT
FK_RPTLANDAPP_CLASSLVL,RPTLANDAPPRAISAL,FK_RPTLANDAPP_CLASSLVL,CLASSLEVEL_CT,0,PK_T_CLASSLEVEL_1,T_CLASSLEVEL,CODE,RESTRICT,RESTRICT
FK_RPTLIABILITY_TAXPAYER,RPTLIABILITY,FK_RPTLIABILITY_TAXPAYER,LOCAL_TIN,0,PK_TAXPAYER_1,TAXPAYER,LOCAL_TIN,RESTRICT,RESTRICT
FK_RPTLIABILITY_TAXPAYER2,RPTLIABILITY,FK_RPTLIABILITY_TAXPAYER2,ADMINLOCAL_TIN,0,PK_TAXPAYER_1,TAXPAYER,LOCAL_TIN,RESTRICT,RESTRICT
FK_RPTMACHAPP_ACTUALUSE,RPTMACHAPPRAISAL,FK_RPTMACHAPP_ACTUALUSE,ACTUALUSE_CT,0,PK_T_ACTUALUSE_1,T_ACTUALUSE,CODE,RESTRICT,RESTRICT
FK_RPTMACHAPP_MACHCOND,RPTMACHAPPRAISAL,FK_RPTMACHAPP_MACHCOND,MACHCONDITION_CT,0,PK_T_MACHINECONDITION_1,T_MACHINECONDITION,CODE,RESTRICT,RESTRICT
FK_RPTMACHAPP_MACHNGRP,RPTMACHAPPRAISAL,FK_RPTMACHAPP_MACHNGRP,MACHGROUP_CT,0,PK_T_MACHINEGROUP_1,T_MACHINEGROUP,CODE,RESTRICT,RESTRICT
FK_RPTMACHAPP_MACHTYPE,RPTMACHAPPRAISAL,FK_RPTMACHAPP_MACHTYPE,MACHTYPE_CT,0,PK_T_MACHINETYPE_1,T_MACHINETYPE,CODE,RESTRICT,RESTRICT
FK_RPTMACHAPP_RPTASSMNT,RPTMACHAPPRAISAL,FK_RPTMACHAPP_RPTASSMNT,TAXTRANS_ID,0,PK_RPTASSESSMENT_1,RPTASSESSMENT,TAXTRANS_ID,RESTRICT,RESTRICT
FK_RPTPLANTTREEAPP_PLNTTREE,RPTPLANTTREEAPPRAISAL,FK_RPTPLANTTREEAPP_PLNTTREE,PLANT_CT,0,PK_T_PLANTTREE_1,T_PLANTTREE,CODE,RESTRICT,RESTRICT
FK_RPTTRANSACTION_PROPERTY01,RPTTRANSACTION,FK_RPTTRANSACTION_PROPERTY01,OLDPROP_ID,0,PK_PROPERTY_1,PROPERTY,PROP_ID,RESTRICT,RESTRICT
FK_RPTTRANSACTION_PROPERTY02,RPTTRANSACTION,FK_RPTTRANSACTION_PROPERTY02,NEWPROP_ID,0,PK_PROPERTY_1,PROPERTY,PROP_ID,RESTRICT,RESTRICT
FK_RPTTRANSACTION_RPTASS02,RPTTRANSACTION,FK_RPTTRANSACTION_RPTASS02,NEWTAXTRANS_ID,0,PK_RPTASSESSMENT_1,RPTASSESSMENT,TAXTRANS_ID,RESTRICT,RESTRICT
FK_RPTTRANSACTION_RPTASSM,RPTTRANSACTION,FK_RPTTRANSACTION_RPTASSM,OLDTAXTRANS_ID,0,PK_RPTASSESSMENT_1,RPTASSESSMENT,TAXTRANS_ID,RESTRICT,RESTRICT
FK_RPTTRANSACTION_TRPTRANS,RPTTRANSACTION,FK_RPTTRANSACTION_TRPTRANS,TRANSCODE_CT,0,PK_T_RPTTRANSACTION_1,T_RPTTRANSACTION,CODE,RESTRICT,RESTRICT
FK_TAXCLEARANCE_TAXPAYER,TAXCLEARANCE,FK_TAXCLEARANCE_TAXPAYER,LOCAL_TIN,0,PK_TAXPAYER_1,TAXPAYER,LOCAL_TIN,RESTRICT,RESTRICT
FK_TAXPAYER_COUNTRY,TAXPAYER,FK_TAXPAYER_COUNTRY,COUNTRY_CT,0,PK_T_COUNTRY_1,T_COUNTRY,CODE,RESTRICT,RESTRICT
FK_TAXPAYERDETAIL_1,TAXPAYERDETAIL,FK_TAXPAYERDETAIL_1,TAXPAYERDETAILGROUP_CT,0,PK_T_TAXPAYERDETAILGROUP_1,T_TAXPAYERDETAILGROUP,CODE,RESTRICT,RESTRICT
FK_TPACCOUNT_ACCNTCD,TPACCOUNT,FK_TPACCOUNT_ACCNTCD,ACCOUNTCODE_CT,0,PK_T_ACCOUNTCODE_1,T_ACCOUNTCODE,CODE,RESTRICT,RESTRICT
FK_TPACCOUNT_EARMARK,TPACCOUNT,FK_TPACCOUNT_EARMARK,EARMARK_CT,0,PK_T_EARMARK_1,T_EARMARK,CODE,RESTRICT,RESTRICT
FK_TPACCOUNT_MUNCPLTY,TPACCOUNT,FK_TPACCOUNT_MUNCPLTY,MUNICIPAL_ID,0,PK_T_MUNICIPALITY_1,T_MUNICIPALITY,MUNICIPAL_ID,RESTRICT,RESTRICT
FK_TPACCOUNT_TAXPAYER,TPACCOUNT,FK_TPACCOUNT_TAXPAYER,LOCAL_TIN,0,PK_TAXPAYER_1,TAXPAYER,LOCAL_TIN,RESTRICT,RESTRICT
FK_TPACCOUNT_TXPRD,TPACCOUNT,FK_TPACCOUNT_TXPRD,TAXPERIOD_CT,0,PK_T_TAXPERIOD_1,T_TAXPERIOD,CODE,RESTRICT,RESTRICT
FK_TRANSSTATDET_1,TRANSACTIONSTATUSDETAIL,FK_TRANSSTATDET_1,TRANSSTAT_ID,0,PK_TRANSACTIONSTATUS_1,TRANSACTIONSTATUS,TRANSSTAT_ID,RESTRICT,RESTRICT
FK_TRANSSTATDET_PROPERTY,TRANSACTIONSTATUSDETAIL,FK_TRANSSTATDET_PROPERTY,PROP_ID,0,PK_PROPERTY_1,PROPERTY,PROP_ID,RESTRICT,RESTRICT
FK_TRANSSTATDET_RPTASSM,TRANSACTIONSTATUSDETAIL,FK_TRANSSTATDET_RPTASSM,TAXTRANS_ID,0,PK_RPTASSESSMENT_1,RPTASSESSMENT,TAXTRANS_ID,RESTRICT,RESTRICT
FK_TRANSSTATDET_RPTTRANS,TRANSACTIONSTATUSDETAIL,FK_TRANSSTATDET_RPTTRANS,RPTTRANSACTION_ID,0,PK_RPTTRANSACTION_1,RPTTRANSACTION,RPTTRANSACTION_ID,RESTRICT,RESTRICT
FK_TRANSSTATDET_TAXPAYER,TRANSACTIONSTATUSDETAIL,FK_TRANSSTATDET_TAXPAYER,LOCAL_TIN,0,PK_TAXPAYER_1,TAXPAYER,LOCAL_TIN,RESTRICT,RESTRICT
FK_TRANSSTATREM_1,TRANSACTIONSTATUSREMARK,FK_TRANSSTATREM_1,TRANSSTAT_ID,0,PK_TRANSACTIONSTATUS_1,TRANSACTIONSTATUS,TRANSSTAT_ID,RESTRICT,RESTRICT
FK_ACTUALUSE_MNCPLTY,T_ACTUALUSE,FK_ACTUALUSE_MNCPLTY,MUNICIPAL_ID,0,PK_T_MUNICIPALITY_1,T_MUNICIPALITY,MUNICIPAL_ID,RESTRICT,RESTRICT
FK_T_ASSMLVL_MNCPLTY,T_ASSESSMENTLEVEL,FK_T_ASSMLVL_MNCPLTY,MUNICIPAL_ID,0,PK_T_MUNICIPALITY_1,T_MUNICIPALITY,MUNICIPAL_ID,RESTRICT,RESTRICT
FK_T_ASSMLVL_PROPKIND,T_ASSESSMENTLEVEL,FK_T_ASSMLVL_PROPKIND,PROPERTYKIND_CT,0,PK_T_PROPERTYKIND_1,T_PROPERTYKIND,CODE,RESTRICT,RESTRICT
FK_BRNGY_MNCPLTY,T_BARANGAY,FK_BRNGY_MNCPLTY,MUNICIPAL_ID,0,PK_T_MUNICIPALITY_1,T_MUNICIPALITY,MUNICIPAL_ID,RESTRICT,RESTRICT
FK_BRNGY_WSECTOR,T_BARANGAY,FK_BRNGY_WSECTOR,WSECTOR_CT,0,PK_T_WSECTOR_1,T_WSECTOR,CODE,RESTRICT,RESTRICT
FK_T_BRNGY_PRVNCE,T_BARANGAY,FK_T_BRNGY_PRVNCE,PROVINCE_CT,0,PK_T_PROVINCE_1,T_PROVINCE,CODE,RESTRICT,RESTRICT
FK_T_BLDGXTRAITEM_BLDGCMPNNT,T_BLDGEXTRAITEM,FK_T_BLDGXTRAITEM_BLDGCMPNNT,BLDGCOMPONENT_CT,0,PK_T_BLDGCOMPONENT_1,T_BLDGCOMPONENT,CODE,RESTRICT,RESTRICT
FK_BLDGMATCHK_BLDGCMPNNT,T_BLDGMATERIALCHECKLIST,FK_BLDGMATCHK_BLDGCMPNNT,BLDGCOMPONENT_CT,0,PK_T_BLDGCOMPONENT_1,T_BLDGCOMPONENT,CODE,RESTRICT,RESTRICT
FK_T_BLDGMATCHK_BLDGMAT,T_BLDGMATERIALCHECKLIST,FK_T_BLDGMATCHK_BLDGMAT,BLDGMATERIAL_CT,0,PK_T_BLDGMATERIAL_1,T_BLDGMATERIAL,CODE,RESTRICT,RESTRICT
FK_T_BPADDCHRG_ITAXTYPE,T_BPADDONCHARGES,FK_T_BPADDCHRG_ITAXTYPE,ITAXTYPE_CT,0,PK_T_ITAXTYPE_1,T_ITAXTYPE,CODE,RESTRICT,RESTRICT
FK_BPCAT_BPCATGRP,T_BPCATEGORY,FK_BPCAT_BPCATGRP,BPCATGROUP_CT,0,PK_T_BPCATEGORYGROUP_1,T_BPCATEGORYGROUP,CODE,RESTRICT,RESTRICT
FK_BPCAT_MNCPLTY,T_BPCATEGORY,FK_BPCAT_MNCPLTY,MUNICIPAL_ID,0,PK_T_MUNICIPALITY_1,T_MUNICIPALITY,MUNICIPAL_ID,RESTRICT,RESTRICT
FK_BPCATGRP_MNCPLTY,T_BPCATEGORYGROUP,FK_BPCATGRP_MNCPLTY,MUNICIPAL_ID,0,PK_T_MUNICIPALITY_1,T_MUNICIPALITY,MUNICIPAL_ID,RESTRICT,RESTRICT
FK_BPCLRANCE_MNCPLTY,T_BPCLEARANCE,FK_BPCLRANCE_MNCPLTY,MUNICIPAL_ID,0,PK_T_MUNICIPALITY_1,T_MUNICIPALITY,MUNICIPAL_ID,RESTRICT,RESTRICT
FK_BPRTS_BPADDCHRG,T_BPRATES,FK_BPRTS_BPADDCHRG,BPADDONCHARGES_CT,0,PK_T_BPADDONCHARGES_1,T_BPADDONCHARGES,CODE,RESTRICT,RESTRICT
FK_BPRTS_MNCPLTY,T_BPRATES,FK_BPRTS_MNCPLTY,MUNICIPAL_ID,0,PK_T_MUNICIPALITY_1,T_MUNICIPALITY,MUNICIPAL_ID,RESTRICT,RESTRICT
FK_T_EECLEARANCE_1,T_EECLEARANCE,FK_T_EECLEARANCE_1,MUNICIPAL_ID,0,PK_T_MUNICIPALITY_1,T_MUNICIPALITY,MUNICIPAL_ID,RESTRICT,RESTRICT
FK_T_EERATE,T_EERATE,FK_T_EERATE,ITAXTYPE_CT,0,PK_T_ITAXTYPE_1,T_ITAXTYPE,CODE,RESTRICT,RESTRICT
FK_T_EERATE_3,T_EERATE,FK_T_EERATE_3,MUNICIPAL_ID,0,PK_T_MUNICIPALITY_1,T_MUNICIPALITY,MUNICIPAL_ID,RESTRICT,RESTRICT
FK_T_EERATE_5,T_EERATE,FK_T_EERATE_5,PAYPERIOD_CT,0,PK_T_PAYPERIOD_1,T_PAYPERIOD,CODE,RESTRICT,RESTRICT
FK_ITAXTYPE_ACCNTCODE,T_ITAXTYPE,FK_ITAXTYPE_ACCNTCODE,ACCOUNTCODE_CT,0,PK_T_ACCOUNTCODE_1,T_ACCOUNTCODE,CODE,RESTRICT,RESTRICT
FK_T_ITAXTY_REFERENCE_T_ACCOUN,T_ITAXTYPE,FK_T_ITAXTY_REFERENCE_T_ACCOUN,ACCOUNTCODE_CT,0,PK_T_ACCOUNTCODE_1,T_ACCOUNTCODE,CODE,RESTRICT,RESTRICT
FK_MACHTYPE_MACHGRP,T_MACHINETYPE,FK_MACHTYPE_MACHGRP,MACHGROUP_CT,0,PK_T_MACHINEGROUP_1,T_MACHINEGROUP,CODE,RESTRICT,RESTRICT
FK_T_MCHRATE,T_MCHRATE,FK_T_MCHRATE,ITAXTYPE_CT,0,PK_T_ITAXTYPE_1,T_ITAXTYPE,CODE,RESTRICT,RESTRICT
FK_T_MCHRATE_1,T_MCHRATE,FK_T_MCHRATE_1,REQUIREMENT_ID,0,PK_T_REQUIREMENT_1,T_REQUIREMENT,CODE,RESTRICT,RESTRICT
FK_T_MCHRATE_3,T_MCHRATE,FK_T_MCHRATE_3,MCHTYPE_CT,0,PK_T_MCHTYPE_1,T_MCHTYPE,CODE,RESTRICT,RESTRICT
FK_T_MCHREQUIREMENT_1,T_MCHREQUIREMENT,FK_T_MCHREQUIREMENT_1,REQUIREMENT_ID,0,PK_T_REQUIREMENT_1,T_REQUIREMENT,CODE,RESTRICT,RESTRICT
FK_T_MCHREQUIREMENT_2,T_MCHREQUIREMENT,FK_T_MCHREQUIREMENT_2,MCHTYPE_CT,0,PK_T_MCHTYPE_1,T_MCHTYPE,CODE,RESTRICT,RESTRICT
FK_MUNICIPALITY_PROVINCE,T_MUNICIPALITY,FK_MUNICIPALITY_PROVINCE,PROVINCE_CT,0,PK_T_PROVINCE_1,T_PROVINCE,CODE,RESTRICT,RESTRICT
FK_PNLTYINTRSTPRM_MNCPLTY,T_PENALTYINTERESTPARAM,FK_PNLTYINTRSTPRM_MNCPLTY,MUNICIPAL_ID,0,PK_T_MUNICIPALITY_1,T_MUNICIPALITY,MUNICIPAL_ID,RESTRICT,RESTRICT
FK_T_RGNLPRM_MNCPLTY,T_REGIONALPARAMS,FK_T_RGNLPRM_MNCPLTY,MUNICIPAL_ID,0,PK_T_MUNICIPALITY_1,T_MUNICIPALITY,MUNICIPAL_ID,RESTRICT,RESTRICT
FK_SFMVBLDGCOST_MNCPLTY,T_SFMVBLDGCOST,FK_SFMVBLDGCOST_MNCPLTY,MUNICIPAL_ID,0,PK_T_MUNICIPALITY_1,T_MUNICIPALITY,MUNICIPAL_ID,RESTRICT,RESTRICT
FK_T_SFMVBLDGDEP_MNCPLTY,T_SFMVBLDGDEPRECIATION,FK_T_SFMVBLDGDEP_MNCPLTY,MUNICIPAL_ID,0,PK_T_MUNICIPALITY_1,T_MUNICIPALITY,MUNICIPAL_ID,RESTRICT,RESTRICT
FK_SFMVBLDGEXTRA_BLDGEXTRITTM,T_SFMVBLDGEXTRAITEM,FK_SFMVBLDGEXTRA_BLDGEXTRITTM,EXTRAITEM_CT,0,PK_T_BLDGEXTRAITEM_1,T_BLDGEXTRAITEM,CODE,RESTRICT,RESTRICT
FK_T_SFMVBLDGEXTRA_MNCPLTY,T_SFMVBLDGEXTRAITEM,FK_T_SFMVBLDGEXTRA_MNCPLTY,MUNICIPAL_ID,0,PK_T_MUNICIPALITY_1,T_MUNICIPALITY,MUNICIPAL_ID,RESTRICT,RESTRICT
FK_SFMVLAND_CLASSLEVEL,T_SFMVLAND,FK_SFMVLAND_CLASSLEVEL,CLASSLEVEL_CT,0,PK_T_CLASSLEVEL_1,T_CLASSLEVEL,CODE,RESTRICT,RESTRICT
FK_SFMVLANDADJ_ADJST,T_SFMVLANDADJUSTMENT,FK_SFMVLANDADJ_ADJST,ADJUSTMENT_CT,0,PK_T_ADJUSTMENT_1,T_ADJUSTMENT,CODE,RESTRICT,RESTRICT
FK_T_SFMVLANDADJ_ADJTYPE,T_SFMVLANDADJUSTMENT,FK_T_SFMVLANDADJ_ADJTYPE,ADJUSTMENTTYPE_CT,0,PK_T_ADJUSTMENTTYPE_1,T_ADJUSTMENTTYPE,CODE,RESTRICT,RESTRICT
FK_T_SFMVLANDADJ_MNCPLTY,T_SFMVLANDADJUSTMENT,FK_T_SFMVLANDADJ_MNCPLTY,MUNICIPAL_ID,0,PK_T_MUNICIPALITY_1,T_MUNICIPALITY,MUNICIPAL_ID,RESTRICT,RESTRICT
FK_SFMVPLNTTREE_CLSSLVL,T_SFMVPLANTTREE,FK_SFMVPLNTTREE_CLSSLVL,CLASSLEVEL_CT,0,PK_T_CLASSLEVEL_1,T_CLASSLEVEL,CODE,RESTRICT,RESTRICT
FK_SFMVPLNTTREE_MNCPLTY,T_SFMVPLANTTREE,FK_SFMVPLNTTREE_MNCPLTY,MUNICIPAL_ID,0,PK_T_MUNICIPALITY_1,T_MUNICIPALITY,MUNICIPAL_ID,RESTRICT,RESTRICT
FK_T_SFMVPLNTTREE_UNIT,T_SFMVPLANTTREE,FK_T_SFMVPLNTTREE_UNIT,UNIT_CT,0,PK_T_UNIT_1,T_UNIT,CODE,RESTRICT,RESTRICT
FK_T_SHARES,T_SHARES,FK_T_SHARES,ITAXTYPE_CT,0,PK_T_ITAXTYPE_1,T_ITAXTYPE,CODE,RESTRICT,RESTRICT
FK_SUBCLASS_MNCPLTY,T_SUBCLASSIFICATION,FK_SUBCLASS_MNCPLTY,MUNICIPAL_ID,0,PK_T_MUNICIPALITY_1,T_MUNICIPALITY,MUNICIPAL_ID,RESTRICT,RESTRICT
FK_T_TAXPAYERDETAIL_1,T_TAXPAYERDETAIL,FK_T_TAXPAYERDETAIL_1,TAXPAYERDETAILGROUP_CT,0,PK_T_TAXPAYERDETAILGROUP_1,T_TAXPAYERDETAILGROUP,CODE,RESTRICT,RESTRICT
FK_WATERCONTRACT_0,WATERCONTRACT,FK_WATERCONTRACT_0,LOCAL_TIN,0,PK_TAXPAYER_1,TAXPAYER,LOCAL_TIN,RESTRICT,RESTRICT
FK_WMREADER_BARANGAY_0,WMREADER_BARANGAY,FK_WMREADER_BARANGAY_0,WMRCODE,0,PK_T_METERREADER_1,T_METERREADER,CODE,RESTRICT,RESTRICT
FK_WM_READINGLIST_0,WM_READINGLIST,FK_WM_READINGLIST_0,MUNICIPAL_ID,0,PK_T_MUNICIPALITY_1,T_MUNICIPALITY,MUNICIPAL_ID,RESTRICT,RESTRICT
FK_WM_WC_WC_ID,WM_WC,FK_WM_WC_WC_ID,WC_ID,0,PK_WATERCONTRACT_1,WATERCONTRACT,WC_ID,RESTRICT,RESTRICT
FK_WM_WC_WM_ID,WM_WC,FK_WM_WC_WM_ID,WM_ID,0,PK_WATERMETER_1,WATERMETER,WM_ID,RESTRICT,RESTRICT
