trigger_name,relation_name,trigger_event,status
BANKSTATEMENT_BI,BANKSTATEMENT,BEFORE INSERT,ACTIVE
BURIALPERMIT_BI,BURIALPERMIT,BEFORE INSERT,ACTIVE
TD_BUSINESSPERMIT,BUSINESSPERMIT,BEFORE INSERT OR UPDATE,ACTIVE
BUSINESSPERMITCLEARANCE_BI,BUSINESSPERMITCLEARANCE,BEFORE INSERT,ACTIVE
TD_BPCLEARANCE,BUSINESSPERMITCLEARANCE,BEFORE INSERT OR UPDATE,ACTIVE
BUSINESSPERMITCLEARANCEDET_BI,BUSINESSPERMITCLEARANCEDETAIL,BEFORE INSERT,ACTIVE
TD_BPCLEARANCEDETAIL,BUSINESSPERMITCLEARANCEDETAIL,BEFORE INSERT OR UPDATE,ACTIVE
TD_BPDETAIL,BUSINESSPERMITDETAIL,BEFORE INSERT OR UPDATE,ACTIVE
TD_BPJOURNAL,BUSINESSPERMITJOURNAL,BEFORE INSERT OR UPDATE,ACTIVE
TD_BPPREVGROSS,BUSINESSPERMITPREVGROSS,BEFORE INSERT OR UPDATE,ACTIVE
TD_BPSTATUS,BUSINESSPERMITSTATUS,BEFORE INSERT OR UPDATE,ACTIVE
TD_CTC,COMMUNITYTAXCERTIFICATE,BEFORE INSERT OR UPDATE,ACTIVE
CTCOTHERLGU_LASTEDITED,CTCOTHERLGU,BEFORE INSERT OR UPDATE,ACTIVE
TD_CTRLVERSION,CTRL_VERSION,BEFORE INSERT OR UPDATE,ACTIVE
TD_EECLEARANCE,EECLEARANCE,BEFORE INSERT OR UPDATE,ACTIVE
TD_EECONTRACT,EECONTRACT,BEFORE INSERT OR UPDATE,ACTIVE
TD_EECONTRACTSECTION,EECONTRACTSECTION,BEFORE INSERT OR UPDATE,ACTIVE
TD_ENFORCEMENT,ENFORCEMENT,BEFORE INSERT OR UPDATE,ACTIVE
DELETE_MANUALDEBIT,MANUALDEBIT,AFTER DELETE,ACTIVE
MANUALDEBIT_LASTEDITED,MANUALDEBIT,BEFORE INSERT OR UPDATE,ACTIVE
TD_MANUALDEBIT,MANUALDEBIT,BEFORE INSERT OR UPDATE,ACTIVE
TD_T_MCHCOFFENCE,MCHOFFENSE,BEFORE INSERT OR UPDATE,ACTIVE
DELETE_PAYMENT,PAYMENT,AFTER DELETE,ACTIVE
PAYMENT_LASTEDITED,PAYMENT,BEFORE INSERT OR UPDATE,ACTIVE
DELETE_PAYMENTCHEQUE,PAYMENTCHEQUE,AFTER DELETE,ACTIVE
PAYMENTCHEQUE_LASTEDITED,PAYMENTCHEQUE,BEFORE INSERT OR UPDATE,ACTIVE
DELETE_PAYMENTCLASSDETAIL,PAYMENTCLASSDETAIL,AFTER DELETE,ACTIVE
PAYMENTCLASSDETAIL_LASTEDITED,PAYMENTCLASSDETAIL,BEFORE INSERT OR UPDATE,ACTIVE
DELETE_PAYMENTDETAIL,PAYMENTDETAIL,AFTER DELETE,ACTIVE
PAYMENTDETAIL_LASTEDITED,PAYMENTDETAIL,BEFORE INSERT OR UPDATE,ACTIVE
DELETE_POSTINGJOURNAL,POSTINGJOURNAL,AFTER DELETE,ACTIVE
POSTINGJOURNAL_LASTEDITED,POSTINGJOURNAL,BEFORE INSERT OR UPDATE,ACTIVE
DELETE_PROPERTY,PROPERTY,AFTER DELETE,ACTIVE
PROPERTY_LASTEDITED,PROPERTY,BEFORE INSERT OR UPDATE,ACTIVE
DELETE_PROPERTYOWNER,PROPERTYOWNER,AFTER DELETE,ACTIVE
PROPERTYOWNER_LASTEDITED,PROPERTYOWNER,BEFORE INSERT OR UPDATE,ACTIVE
PROPERTYOWNERDETAIL_LASTEDITED,PROPERTYOWNERDETAIL,BEFORE INSERT OR UPDATE,ACTIVE
DELETE_PROPERTYREFERENCE,PROPERTYREFERENCE,AFTER DELETE,ACTIVE
PROPERTYREFERENCE_LASTEDITED,PROPERTYREFERENCE,BEFORE INSERT OR UPDATE,ACTIVE
DELETE_PROPETRANSDOC,PROPERTYTRANSACTIONDOCUMENT,AFTER DELETE,ACTIVE
PROPERTYTRANDOCT_LASTEDITED,PROPERTYTRANSACTIONDOCUMENT,BEFORE INSERT OR UPDATE,ACTIVE
RCDACCOUNTABLEFORM_BIU,RCDACCOUNTABLEFORM,BEFORE INSERT OR UPDATE,ACTIVE
RCDCASHBREAKDOWN_BIU,RCDCASHBREAKDOWN,BEFORE INSERT OR UPDATE,ACTIVE
RCDCTRLNUMBER_BIU,RCDCTRLNUMBER,BEFORE INSERT OR UPDATE,ACTIVE
RCDORBOOKLET_BIU,RCDORBOOKLET,BEFORE INSERT OR UPDATE,ACTIVE
DELETE_RPTASSESSMENT,RPTASSESSMENT,AFTER DELETE,ACTIVE
RPTASSESSMENT_LASTEDITED,RPTASSESSMENT,BEFORE INSERT OR UPDATE,ACTIVE
DELETE_RPTASSESSMENTDETAIN,RPTASSESSMENTDETAIL,AFTER DELETE,ACTIVE
RPTASSESSMENTDETAIL_LASTEDITED,RPTASSESSMENTDETAIL,BEFORE INSERT OR UPDATE,ACTIVE
DELETE_RPTBLDGDEPRECIATION,RPTBLDGDEPRECIATION,AFTER DELETE,ACTIVE
RPTBLDGDEPRECIATION_LASTEDITED,RPTBLDGDEPRECIATION,BEFORE INSERT OR UPDATE,ACTIVE
DELETE_RPTBLDGEXTRA,RPTBLDGEXTRA,AFTER DELETE,ACTIVE
RPTBLDGEXTRA_LASTEDITED,RPTBLDGEXTRA,BEFORE INSERT OR UPDATE,ACTIVE
DELETE_RPTBLDGFLOOR,RPTBLDGFLOOR,AFTER DELETE,ACTIVE
RPTBLDGFLOOR_LASTEDITED,RPTBLDGFLOOR,BEFORE INSERT OR UPDATE,ACTIVE
DELETE_RPTBLDGINFO,RPTBLDGINFO,AFTER DELETE,ACTIVE
RPTBLDGINFO_LASTEDITED,RPTBLDGINFO,BEFORE INSERT OR UPDATE,ACTIVE
DELETE_RPTBLDGSTRUCT,RPTBLDGSTRUCTURALMATERIAL,AFTER DELETE,ACTIVE
RPTBLDGSTRUCTMATEAL_LASTEDITED,RPTBLDGSTRUCTURALMATERIAL,BEFORE INSERT OR UPDATE,ACTIVE
DELETE_RPTCANCELLED,RPTCANCELLED,AFTER DELETE,ACTIVE
RPTCANCELLED_LASTEDITED,RPTCANCELLED,BEFORE INSERT OR UPDATE,ACTIVE
DELETE_RPTCANCELLED_DETAIL,RPTCANCELLED_DETAIL,BEFORE DELETE,ACTIVE
RPTCANCELLED_DETAIL_LASTEDITED,RPTCANCELLED_DETAIL,BEFORE INSERT OR UPDATE,ACTIVE
RPTCOMPROMISEDETAIL_LASTEDITED,RPTCOMPROMISEDETAIL,BEFORE INSERT OR UPDATE,ACTIVE
DELETE_RPTLANDAPPRAISAL,RPTLANDAPPRAISAL,AFTER DELETE,ACTIVE
RPTLANDAPPRAISAL_LASTEDITED,RPTLANDAPPRAISAL,BEFORE INSERT OR UPDATE,ACTIVE
DELETE_RPTLIABILITY,RPTLIABILITY,AFTER DELETE,ACTIVE
RPTLIABILITY_LASTEDITED,RPTLIABILITY,BEFORE INSERT OR UPDATE,ACTIVE
DELETE_RPTMACHAPPRAISAL,RPTMACHAPPRAISAL,AFTER DELETE,ACTIVE
RPTMACHAPPRAISAL_LASTEDITED,RPTMACHAPPRAISAL,BEFORE INSERT OR UPDATE,ACTIVE
DELETE_RPTPLANTTREEAPPRAISAL,RPTPLANTTREEAPPRAISAL,AFTER DELETE,ACTIVE
RPTPLANTTSAL_LASTEDITED,RPTPLANTTREEAPPRAISAL,BEFORE INSERT OR UPDATE,ACTIVE
DELETE_RPTTRANSACTION,RPTTRANSACTION,AFTER DELETE,ACTIVE
RPTTRANSACTION_LASTEDITED,RPTTRANSACTION,BEFORE INSERT OR UPDATE,ACTIVE
DELETE_RPTVALUEADJUSTMENT,RPTVALUEADJUSTMENT,AFTER DELETE,ACTIVE
RPTVALUEADJUSTMENT_LASTEDITED,RPTVALUEADJUSTMENT,BEFORE INSERT OR UPDATE,ACTIVE
TD_TAXCLEARANCE,TAXCLEARANCE,BEFORE INSERT OR UPDATE,ACTIVE
TAXPAYER_LASTEDITED,TAXPAYER,BEFORE INSERT OR UPDATE,ACTIVE
TAXPAYER_TAXPAYERHISTORY,TAXPAYER,BEFORE UPDATE OR DELETE,ACTIVE
TAXPAYERDETAIL_LASTEDITED,TAXPAYERDETAIL,BEFORE INSERT OR UPDATE,ACTIVE
DELETE_TPACCOUNT,TPACCOUNT,AFTER DELETE,ACTIVE
DELETE_TRANSACTIONSTATUS,TRANSACTIONSTATUS,AFTER DELETE,ACTIVE
DELETE_TRANSACTIONSTATUSDETAIL,TRANSACTIONSTATUSDETAIL,AFTER DELETE,ACTIVE
HIS_TACCOUNTCODE_DEL,T_ACCOUNTCODE,AFTER DELETE,ACTIVE
HIS_TACCOUNTCODE_INS,T_ACCOUNTCODE,AFTER INSERT,ACTIVE
HIS_TACCOUNTCODE_UPD,T_ACCOUNTCODE,AFTER UPDATE,ACTIVE
TD_T_ACCOUNTCODE,T_ACCOUNTCODE,BEFORE INSERT OR UPDATE,ACTIVE
HIS_TACTUALUSE_DEL,T_ACTUALUSE,AFTER DELETE,ACTIVE
HIS_TACTUALUSE_INS,T_ACTUALUSE,AFTER INSERT,ACTIVE
HIS_TACTUALUSE_UPD,T_ACTUALUSE,AFTER UPDATE,ACTIVE
TD_T_ACTUALUSE,T_ACTUALUSE,BEFORE INSERT OR UPDATE,ACTIVE
HIS_TADJUSTMENT_DEL,T_ADJUSTMENT,AFTER DELETE,ACTIVE
HIS_TADJUSTMENT_INS,T_ADJUSTMENT,AFTER INSERT,ACTIVE
HIS_TADJUSTMENT_UPD,T_ADJUSTMENT,AFTER UPDATE,ACTIVE
TD_T_ADJUSTMENT,T_ADJUSTMENT,BEFORE INSERT OR UPDATE,ACTIVE
HIS_TADJUSTMENTTYPE_DEL,T_ADJUSTMENTTYPE,AFTER DELETE,ACTIVE
HIS_TADJUSTMENTTYPE_INS,T_ADJUSTMENTTYPE,AFTER INSERT,ACTIVE
HIS_TADJUSTMENTTYPE_UPD,T_ADJUSTMENTTYPE,AFTER UPDATE,ACTIVE
TD_T_ADJUSMENTTYPE,T_ADJUSTMENTTYPE,BEFORE INSERT OR UPDATE,ACTIVE
HIS_TASSESSMENTLEVEL_DEL,T_ASSESSMENTLEVEL,AFTER DELETE,ACTIVE
HIS_TASSESSMENTLEVEL_INS,T_ASSESSMENTLEVEL,AFTER INSERT,ACTIVE
HIS_TASSESSMENTLEVEL_UPD,T_ASSESSMENTLEVEL,AFTER UPDATE,ACTIVE
TD_T_ASSESSMENTLEVEL,T_ASSESSMENTLEVEL,BEFORE INSERT OR UPDATE,ACTIVE
HIS_TBANK_INS,T_BANK,AFTER INSERT,ACTIVE
TD_T_BANK,T_BANK,BEFORE INSERT OR UPDATE,ACTIVE
HIS_TBARANGAY_DEL,T_BARANGAY,AFTER DELETE,ACTIVE
HIS_TBARANGAY_INS,T_BARANGAY,AFTER INSERT,ACTIVE
HIS_TBARANGAY_UPD,T_BARANGAY,AFTER UPDATE,ACTIVE
TD_T_BARANGAY,T_BARANGAY,BEFORE INSERT OR UPDATE,ACTIVE
HIS_TBLDGCLASS_DEL,T_BLDGCLASS,AFTER DELETE,ACTIVE
HIS_TBLDGCLASS_INS,T_BLDGCLASS,AFTER INSERT,ACTIVE
HIS_TBLDGCLASS_UPD,T_BLDGCLASS,AFTER UPDATE,ACTIVE
TD_T_BLDGCLASS,T_BLDGCLASS,BEFORE INSERT OR UPDATE,ACTIVE
HIS_TBLDGCOMPONENT_DEL,T_BLDGCOMPONENT,AFTER DELETE,ACTIVE
HIS_TBLDGCOMPONENT_INS,T_BLDGCOMPONENT,AFTER INSERT,ACTIVE
HIS_TBLDGCOMPONENT_UPD,T_BLDGCOMPONENT,AFTER UPDATE,ACTIVE
TD_T_BLDGCOMPONENT,T_BLDGCOMPONENT,BEFORE INSERT OR UPDATE,ACTIVE
HIS_TBLDGEXTRAITEM_DEL,T_BLDGEXTRAITEM,AFTER DELETE,ACTIVE
HIS_TBLDGEXTRAITEM_INS,T_BLDGEXTRAITEM,AFTER INSERT,ACTIVE
HIS_TBLDGEXTRAITEM_UPD,T_BLDGEXTRAITEM,AFTER UPDATE,ACTIVE
TD_T_VLDGEXTRAITEM,T_BLDGEXTRAITEM,BEFORE INSERT OR UPDATE,ACTIVE
HIS_TBLDGKIND_DEL,T_BLDGKIND,AFTER DELETE,ACTIVE
HIS_TBLDGKIND_INS,T_BLDGKIND,AFTER INSERT,ACTIVE
HIS_TBLDGKIND_UPD,T_BLDGKIND,AFTER UPDATE,ACTIVE
TD_T_BLDGKIND,T_BLDGKIND,BEFORE INSERT OR UPDATE,ACTIVE
HIS_TBLDGMATERIAL_DEL,T_BLDGMATERIAL,AFTER DELETE,ACTIVE
HIS_TBLDGMATERIAL_INS,T_BLDGMATERIAL,AFTER INSERT,ACTIVE
HIS_TBLDGMATERIAL_UPD,T_BLDGMATERIAL,AFTER UPDATE,ACTIVE
TD_T_BLDGMATERIAL,T_BLDGMATERIAL,BEFORE INSERT OR UPDATE,ACTIVE
TD_T_BLDGMATERIALCHECKLIST,T_BLDGMATERIALCHECKLIST,BEFORE INSERT OR UPDATE,ACTIVE
HIS_TBLDGSTRUCTURETYPE_DEL,T_BLDGSTRUCTURETYPE,AFTER DELETE,ACTIVE
HIS_TBLDGSTRUCTURETYPE_INS,T_BLDGSTRUCTURETYPE,AFTER INSERT,ACTIVE
HIS_TBLDGSTRUCTURETYPE_UPD,T_BLDGSTRUCTURETYPE,AFTER UPDATE,ACTIVE
TD_T_BLDDGSTRUCTURETYPE,T_BLDGSTRUCTURETYPE,BEFORE INSERT OR UPDATE,ACTIVE
HIS_TBPADDONCHARGES_DEL,T_BPADDONCHARGES,AFTER DELETE,ACTIVE
HIS_TBPADDONCHARGES_INS,T_BPADDONCHARGES,AFTER INSERT,ACTIVE
HIS_TBPADDONCHARGES_UPD,T_BPADDONCHARGES,AFTER UPDATE,ACTIVE
TD_T_BPADDONCHARGES,T_BPADDONCHARGES,BEFORE INSERT OR UPDATE,ACTIVE
HIS_TBPCATEGORY_DEL,T_BPCATEGORY,AFTER DELETE,ACTIVE
HIS_TBPCATEGORY_INS,T_BPCATEGORY,AFTER INSERT,ACTIVE
HIS_TBPCATEGORY_UPD,T_BPCATEGORY,AFTER UPDATE,ACTIVE
TD_T_BPCATEGORY,T_BPCATEGORY,BEFORE INSERT OR UPDATE,ACTIVE
HIS_TBPCATEGORYGROUP_DEL,T_BPCATEGORYGROUP,AFTER DELETE,ACTIVE
HIS_TBPCATEGORYGROUP_INS,T_BPCATEGORYGROUP,AFTER INSERT,ACTIVE
HIS_TBPCATEGORYGROUP_UPD,T_BPCATEGORYGROUP,AFTER UPDATE,ACTIVE
TD_T_BPCATEGORYGROUP,T_BPCATEGORYGROUP,BEFORE INSERT OR UPDATE,ACTIVE
HIS_TBPCLEARANCE_DEL,T_BPCLEARANCE,AFTER DELETE,ACTIVE
HIS_TBPCLEARANCE_INS,T_BPCLEARANCE,AFTER INSERT,ACTIVE
HIS_TBPCLEARANCE_UPD,T_BPCLEARANCE,AFTER UPDATE,ACTIVE
TD_T_BPCLEARANCE,T_BPCLEARANCE,BEFORE INSERT OR UPDATE,ACTIVE
HIS_TBPRATES_DEL,T_BPRATES,AFTER DELETE,ACTIVE
HIS_TBPRATES_INS,T_BPRATES,AFTER INSERT,ACTIVE
HIS_TBPRATES_UPD,T_BPRATES,AFTER UPDATE,ACTIVE
TD_T_BPRATES,T_BPRATES,BEFORE INSERT OR UPDATE,ACTIVE
HIS_TBPSTATUS_DEL,T_BPSTATUS,AFTER DELETE,ACTIVE
HIS_TBPSTATUS_INS,T_BPSTATUS,AFTER INSERT,ACTIVE
HIS_TBPSTATUS_UPD,T_BPSTATUS,AFTER UPDATE,ACTIVE
TD_T_BPSTATUS,T_BPSTATUS,BEFORE INSERT OR UPDATE,ACTIVE
HIS_TBUILDINGNAMES_DEL,T_BUILDINGNAMES,AFTER DELETE,ACTIVE
HIS_TBUILDINGNAMES_INS,T_BUILDINGNAMES,AFTER INSERT,ACTIVE
HIS_TBUILDINGNAMES_UPD,T_BUILDINGNAMES,AFTER UPDATE,ACTIVE
TD_T_BUILDINGNAMES,T_BUILDINGNAMES,BEFORE INSERT OR UPDATE,ACTIVE
HIS_TCASETYPE_DEL,T_CASETYPE,AFTER DELETE,ACTIVE
HIS_TCASETYPE_INS,T_CASETYPE,AFTER INSERT,ACTIVE
HIS_TCASETYPE_UPD,T_CASETYPE,AFTER UPDATE,ACTIVE
TD_T_CASETYPE,T_CASETYPE,BEFORE INSERT OR UPDATE,ACTIVE
HIS_TCLASSIFICATION_DEL,T_CLASSIFICATION,AFTER DELETE,ACTIVE
HIS_TCLASSIFICATION_INS,T_CLASSIFICATION,AFTER INSERT,ACTIVE
HIS_TCLASSIFICATION_UPD,T_CLASSIFICATION,AFTER UPDATE,ACTIVE
TD_T_CLASSIFICATION,T_CLASSIFICATION,BEFORE INSERT OR UPDATE,ACTIVE
HIS_TCLASSLEVEL_DEL,T_CLASSLEVEL,AFTER DELETE,ACTIVE
HIS_TCLASSLEVEL_INS,T_CLASSLEVEL,AFTER INSERT,ACTIVE
HIS_TCLASSLEVEL_UPD,T_CLASSLEVEL,AFTER UPDATE,ACTIVE
TD_T_CLASSLEVEL,T_CLASSLEVEL,BEFORE INSERT OR UPDATE,ACTIVE
HIS_TCOUNTRY_DEL,T_COUNTRY,AFTER DELETE,ACTIVE
HIS_TCOUNTRY_INS,T_COUNTRY,AFTER INSERT,ACTIVE
HIS_TCOUNTRY_UPD,T_COUNTRY,AFTER UPDATE,ACTIVE
TD_T_COUNTRY,T_COUNTRY,BEFORE INSERT OR UPDATE,ACTIVE
HIS_TCTCRATE_DEL,T_CTCRATE,AFTER DELETE,ACTIVE
HIS_TCTCRATE_INS,T_CTCRATE,AFTER INSERT,ACTIVE
HIS_TCTCRATE_UPD,T_CTCRATE,AFTER UPDATE,ACTIVE
HIS_TDENOMINATION_DEL,T_DENOMINATION,AFTER DELETE,ACTIVE
HIS_TDENOMINATION_INS,T_DENOMINATION,AFTER INSERT,ACTIVE
HIS_TDENOMINATION_UPD,T_DENOMINATION,AFTER UPDATE,ACTIVE
TD_T_DENOMINATION,T_DENOMINATION,BEFORE INSERT OR UPDATE,ACTIVE
HIS_TDISCOUNT_DEL,T_DISCOUNT,AFTER DELETE,ACTIVE
HIS_TDISCOUNT_INS,T_DISCOUNT,AFTER INSERT,ACTIVE
HIS_TDISCOUNT_UPD,T_DISCOUNT,AFTER UPDATE,ACTIVE
TD_T_DISCOUNT,T_DISCOUNT,BEFORE INSERT OR UPDATE,ACTIVE
HIS_TEARMARK_DEL,T_EARMARK,AFTER DELETE,ACTIVE
HIS_TEARMARK_INS,T_EARMARK,AFTER INSERT,ACTIVE
HIS_TEARMARK_UPD,T_EARMARK,AFTER UPDATE,ACTIVE
TD_T_EARMARK,T_EARMARK,BEFORE INSERT OR UPDATE,ACTIVE
HIS_TENFORCEMENTSTATUS_DEL,T_ENFORCEMENTSTATUS,AFTER DELETE,ACTIVE
HIS_TENFORCEMENTSTATUS_INS,T_ENFORCEMENTSTATUS,AFTER INSERT,ACTIVE
HIS_TENFORCEMENTSTATUS_UPD,T_ENFORCEMENTSTATUS,AFTER UPDATE,ACTIVE
TD_T_ENFORCEMENTSTATUS,T_ENFORCEMENTSTATUS,BEFORE INSERT OR UPDATE,ACTIVE
HIS_TENFORCEMENTTYPE_DEL,T_ENFORCEMENTTYPE,AFTER DELETE,ACTIVE
HIS_TENFORCEMENTTYPE_INS,T_ENFORCEMENTTYPE,AFTER INSERT,ACTIVE
HIS_TENFORCEMENTTYPE_UPD,T_ENFORCEMENTTYPE,AFTER UPDATE,ACTIVE
TD_T_ENFORCEMENTTYPE,T_ENFORCEMENTTYPE,BEFORE INSERT OR UPDATE,ACTIVE
HIS_TEVENTOBJECT_DEL,T_EVENTOBJECT,AFTER DELETE,ACTIVE
HIS_TEVENTOBJECT_INS,T_EVENTOBJECT,AFTER INSERT,ACTIVE
HIS_TEVENTOBJECT_UPD,T_EVENTOBJECT,AFTER UPDATE,ACTIVE
TD_T_EVENTOBJECT,T_EVENTOBJECT,BEFORE INSERT OR UPDATE,ACTIVE
HIS_TEXCHANGERATE_DEL,T_EXCHANGERATE,AFTER DELETE,ACTIVE
HIS_TEXCHANGERATE_INS,T_EXCHANGERATE,AFTER INSERT,ACTIVE
HIS_TEXCHANGERATE_UPD,T_EXCHANGERATE,AFTER UPDATE,ACTIVE
TD_T_EXCHANGERATE,T_EXCHANGERATE,BEFORE INSERT OR UPDATE,ACTIVE
HIS_TITAXTYPE_DEL,T_ITAXTYPE,AFTER DELETE,ACTIVE
HIS_TITAXTYPE_INS,T_ITAXTYPE,AFTER INSERT,ACTIVE
HIS_TITAXTYPE_UPD,T_ITAXTYPE,AFTER UPDATE,ACTIVE
TD_T_ITAXTYPE,T_ITAXTYPE,BEFORE INSERT OR UPDATE,ACTIVE
HIS_TITAXTYPEGROUP_DEL,T_ITAXTYPEGROUP,AFTER DELETE,ACTIVE
HIS_TITAXTYPEGROUP_INS,T_ITAXTYPEGROUP,AFTER INSERT,ACTIVE
HIS_TITAXTYPEGROUP_UPD,T_ITAXTYPEGROUP,AFTER UPDATE,ACTIVE
TD_T_ITAXTYPEGROUP,T_ITAXTYPEGROUP,BEFORE INSERT OR UPDATE,ACTIVE
HIS_TITAXTYPESUBGROUP_DEL,T_ITAXTYPESUBGROUP,AFTER DELETE,ACTIVE
HIS_TITAXTYPESUBGROUP_INS,T_ITAXTYPESUBGROUP,AFTER INSERT,ACTIVE
HIS_TITAXTYPESUBGROUP_UPD,T_ITAXTYPESUBGROUP,AFTER UPDATE,ACTIVE
TD_T_ITAXTYPESUBGROUP,T_ITAXTYPESUBGROUP,BEFORE INSERT OR UPDATE,ACTIVE
HIS_TMACHINECONDITION_DEL,T_MACHINECONDITION,AFTER DELETE,ACTIVE
HIS_TMACHINECONDITION_INS,T_MACHINECONDITION,AFTER INSERT,ACTIVE
HIS_TMACHINECONDITION_UPD,T_MACHINECONDITION,AFTER UPDATE,ACTIVE
TD_T_MACHINECONDITION,T_MACHINECONDITION,BEFORE INSERT OR UPDATE,ACTIVE
HIS_TMACHINEGROUP_DEL,T_MACHINEGROUP,AFTER DELETE,ACTIVE
HIS_TMACHINEGROUP_INS,T_MACHINEGROUP,AFTER INSERT,ACTIVE
HIS_TMACHINEGROUP_UPD,T_MACHINEGROUP,AFTER UPDATE,ACTIVE
TD_T_MACHINEGROUP,T_MACHINEGROUP,BEFORE INSERT OR UPDATE,ACTIVE
HIS_TMACHINETYPE_DEL,T_MACHINETYPE,AFTER DELETE,ACTIVE
HIS_TMACHINETYPE_INS,T_MACHINETYPE,AFTER INSERT,ACTIVE
HIS_TMACHINETYPE_UPD,T_MACHINETYPE,AFTER UPDATE,ACTIVE
TD_T_MACHINETYPE,T_MACHINETYPE,BEFORE INSERT OR UPDATE,ACTIVE
HIS_TMAPTYPE_DEL,T_MAPTYPE,AFTER DELETE,ACTIVE
HIS_TMAPTYPE_INS,T_MAPTYPE,AFTER INSERT,ACTIVE
HIS_TMAPTYPE_UPD,T_MAPTYPE,AFTER UPDATE,ACTIVE
TD_T_MCHCITATION,T_MCHCITATION,BEFORE INSERT OR UPDATE,ACTIVE
HIS_TMCHFRANCHISESCHEDULE_DEL,T_MCHFRANCHISESCHEDULE,AFTER DELETE,ACTIVE
HIS_TMCHFRANCHISESCHEDULE_INS,T_MCHFRANCHISESCHEDULE,AFTER INSERT,ACTIVE
HIS_TMCHFRANCHISESCHEDULE_UPD,T_MCHFRANCHISESCHEDULE,AFTER UPDATE,ACTIVE
HIS_TMCHRATE_DEL,T_MCHRATE,AFTER DELETE,ACTIVE
HIS_TMCHRATE_INS,T_MCHRATE,AFTER INSERT,ACTIVE
HIS_TMCHRATE_UPD,T_MCHRATE,AFTER UPDATE,ACTIVE
HIS_TMCHREQUIREMENT_DEL,T_MCHREQUIREMENT,AFTER DELETE,ACTIVE
HIS_TMCHREQUIREMENT_INS,T_MCHREQUIREMENT,AFTER INSERT,ACTIVE
HIS_TMCHREQUIREMENT_UPD,T_MCHREQUIREMENT,AFTER UPDATE,ACTIVE
HIS_TMCHTYPE_DEL,T_MCHTYPE,AFTER DELETE,ACTIVE
HIS_TMCHTYPE_INS,T_MCHTYPE,AFTER INSERT,ACTIVE
HIS_TMCHTYPE_UPD,T_MCHTYPE,AFTER UPDATE,ACTIVE
HIS_TMETERREADER_DEL,T_METERREADER,AFTER DELETE,ACTIVE
HIS_TMETERREADER_INS,T_METERREADER,AFTER INSERT,ACTIVE
HIS_TMETERREADER_UPD,T_METERREADER,AFTER UPDATE,ACTIVE
TD_T_METERREADER,T_METERREADER,BEFORE INSERT OR UPDATE,ACTIVE
HIS_TMUNICIPALITY_DEL,T_MUNICIPALITY,AFTER DELETE,ACTIVE
HIS_TMUNICIPALITY_INS,T_MUNICIPALITY,AFTER INSERT,ACTIVE
HIS_TMUNICIPALITY_UPD,T_MUNICIPALITY,AFTER UPDATE,ACTIVE
TD_T_MUNICIPALITY,T_MUNICIPALITY,BEFORE INSERT OR UPDATE,ACTIVE
HIS_TOTHERPAYMENTRATE_DEL,T_OTHERPAYMENTRATE,AFTER DELETE,ACTIVE
HIS_TOTHERPAYMENTRATE_INS,T_OTHERPAYMENTRATE,AFTER INSERT,ACTIVE
HIS_TOTHERPAYMENTRATE_UPD,T_OTHERPAYMENTRATE,AFTER UPDATE,ACTIVE
TD_TOTHERPAYMENTRATE,T_OTHERPAYMENTRATE,BEFORE INSERT OR UPDATE,ACTIVE
HIS_TOWNERTYPE_DEL,T_OWNERTYPE,AFTER DELETE,ACTIVE
HIS_TOWNERTYPE_INS,T_OWNERTYPE,AFTER INSERT,ACTIVE
HIS_TOWNERTYPE_UPD,T_OWNERTYPE,AFTER UPDATE,ACTIVE
TD_T_OWNERTYPE,T_OWNERTYPE,BEFORE INSERT OR UPDATE,ACTIVE
HIS_TPAYMODE_DEL,T_PAYMODE,AFTER DELETE,ACTIVE
HIS_TPAYMODE_INS,T_PAYMODE,AFTER INSERT,ACTIVE
HIS_TPAYMODE_UPD,T_PAYMODE,AFTER UPDATE,ACTIVE
TD_T_PAYMODE,T_PAYMODE,BEFORE INSERT OR UPDATE,ACTIVE
HIS_TPAYPERIOD_DEL,T_PAYPERIOD,AFTER DELETE,ACTIVE
HIS_TPAYPERIOD_INS,T_PAYPERIOD,AFTER INSERT,ACTIVE
HIS_TPAYPERIOD_UPD,T_PAYPERIOD,AFTER UPDATE,ACTIVE
TD_T_PAYPERIOD,T_PAYPERIOD,BEFORE INSERT OR UPDATE,ACTIVE
HIS_TPENALTYINTERESTPARAM_DEL,T_PENALTYINTERESTPARAM,AFTER DELETE,ACTIVE
HIS_TPENALTYINTERESTPARAM_INS,T_PENALTYINTERESTPARAM,AFTER INSERT,ACTIVE
HIS_TPENALTYINTERESTPARAM_UPD,T_PENALTYINTERESTPARAM,AFTER UPDATE,ACTIVE
TD_T_PENALTYINTERESTPARAM,T_PENALTYINTERESTPARAM,BEFORE INSERT OR UPDATE,ACTIVE
HIS_TPLANTTREE_DEL,T_PLANTTREE,AFTER DELETE,ACTIVE
HIS_TPLANTTREE_INS,T_PLANTTREE,AFTER INSERT,ACTIVE
HIS_TPLANTTREE_UPD,T_PLANTTREE,AFTER UPDATE,ACTIVE
TD_T_PLANTTREE,T_PLANTTREE,BEFORE INSERT OR UPDATE,ACTIVE
HIS_TPROPERTYKIND_DEL,T_PROPERTYKIND,AFTER DELETE,ACTIVE
HIS_TPROPERTYKIND_INS,T_PROPERTYKIND,AFTER INSERT,ACTIVE
HIS_TPROPERTYKIND_UPD,T_PROPERTYKIND,AFTER UPDATE,ACTIVE
TD_T_PROPERTYKIND,T_PROPERTYKIND,BEFORE INSERT OR UPDATE,ACTIVE
HIS_TPROVINCE_DEL,T_PROVINCE,AFTER DELETE,ACTIVE
HIS_TPROVINCE_INS,T_PROVINCE,AFTER INSERT,ACTIVE
HIS_TPROVINCE_UPD,T_PROVINCE,AFTER UPDATE,ACTIVE
TD_T_PROVINCE,T_PROVINCE,BEFORE INSERT OR UPDATE,ACTIVE
HIS_TREGIONALPARAMS_DEL,T_REGIONALPARAMS,AFTER DELETE,ACTIVE
HIS_TREGIONALPARAMS_INS,T_REGIONALPARAMS,AFTER INSERT,ACTIVE
HIS_TREGIONALPARAMS_UPD,T_REGIONALPARAMS,AFTER UPDATE,ACTIVE
TD_T_REGIONALPARAMS,T_REGIONALPARAMS,BEFORE INSERT OR UPDATE,ACTIVE
T_REGIONALPARAMS_BI,T_REGIONALPARAMS,BEFORE INSERT,ACTIVE
HIS_TREPORTGROUP_DEL,T_REPORTGROUP,AFTER DELETE,ACTIVE
HIS_TREPORTGROUP_INS,T_REPORTGROUP,AFTER INSERT,ACTIVE
HIS_TREPORTGROUP_UPD,T_REPORTGROUP,AFTER UPDATE,ACTIVE
TD_T_REPORTGROUP,T_REPORTGROUP,BEFORE INSERT OR UPDATE,ACTIVE
HIS_TREQUIREMENT_DEL,T_REQUIREMENT,AFTER DELETE,ACTIVE
HIS_TREQUIREMENT_INS,T_REQUIREMENT,AFTER INSERT,ACTIVE
HIS_TREQUIREMENT_UPD,T_REQUIREMENT,AFTER UPDATE,ACTIVE
HIS_TRPTGRINFO_DEL,T_RPTGRINFO,AFTER DELETE,ACTIVE
HIS_TRPTGRINFO_INS,T_RPTGRINFO,AFTER INSERT,ACTIVE
HIS_TRPTGRINFO_UPD,T_RPTGRINFO,AFTER UPDATE,ACTIVE
TD_T_RPTGRINFO,T_RPTGRINFO,BEFORE INSERT OR UPDATE,ACTIVE
HIS_TRPTTRANSACTION_DEL,T_RPTTRANSACTION,AFTER DELETE,ACTIVE
HIS_TRPTTRANSACTION_INS,T_RPTTRANSACTION,AFTER INSERT,ACTIVE
HIS_TRPTTRANSACTION_UPD,T_RPTTRANSACTION,AFTER UPDATE,ACTIVE
TD_T_RPTTRANSACTION,T_RPTTRANSACTION,BEFORE INSERT OR UPDATE,ACTIVE
HIS_TSFMVBLDGCOST_DEL,T_SFMVBLDGCOST,AFTER DELETE,ACTIVE
HIS_TSFMVBLDGCOST_INS,T_SFMVBLDGCOST,AFTER INSERT,ACTIVE
HIS_TSFMVBLDGCOST_UPD,T_SFMVBLDGCOST,AFTER UPDATE,ACTIVE
TD_T_SFMVBLDGCOST,T_SFMVBLDGCOST,BEFORE INSERT OR UPDATE,ACTIVE
TD_T_SFMVBLDGDEP,T_SFMVBLDGDEPRECIATION,BEFORE INSERT OR UPDATE,ACTIVE
HIS_TSFMVBLDGEXTRAITEM_DEL,T_SFMVBLDGEXTRAITEM,AFTER DELETE,ACTIVE
HIS_TSFMVBLDGEXTRAITEM_INS,T_SFMVBLDGEXTRAITEM,AFTER INSERT,ACTIVE
HIS_TSFMVBLDGEXTRAITEM_UPD,T_SFMVBLDGEXTRAITEM,AFTER UPDATE,ACTIVE
TD_T_SFMVEXTRAITEM,T_SFMVBLDGEXTRAITEM,BEFORE INSERT OR UPDATE,ACTIVE
HIS_TSFMVLAND_DEL,T_SFMVLAND,AFTER DELETE,ACTIVE
HIS_TSFMVLAND_INS,T_SFMVLAND,AFTER INSERT,ACTIVE
HIS_TSFMVLAND_UPD,T_SFMVLAND,AFTER UPDATE,ACTIVE
TD_T_SFMVLAND,T_SFMVLAND,BEFORE INSERT OR UPDATE,ACTIVE
HIS_TSFMVLANDADJUSTMENT_DEL,T_SFMVLANDADJUSTMENT,AFTER DELETE,ACTIVE
HIS_TSFMVLANDADJUSTMENT_INS,T_SFMVLANDADJUSTMENT,AFTER INSERT,ACTIVE
HIS_TSFMVLANDADJUSTMENT_UPD,T_SFMVLANDADJUSTMENT,AFTER UPDATE,ACTIVE
TD_T_SFMVLANDADJUSTMENT,T_SFMVLANDADJUSTMENT,BEFORE INSERT OR UPDATE,ACTIVE
HIS_TSFMVPLANTTREE_DEL,T_SFMVPLANTTREE,AFTER DELETE,ACTIVE
HIS_TSFMVPLANTTREE_INS,T_SFMVPLANTTREE,AFTER INSERT,ACTIVE
HIS_TSFMVPLANTTREE_UPD,T_SFMVPLANTTREE,AFTER UPDATE,ACTIVE
TD_T_SFMVPLANTTREE,T_SFMVPLANTTREE,BEFORE INSERT OR UPDATE,ACTIVE
HIS_TSHARES_DEL,T_SHARES,AFTER DELETE,ACTIVE
HIS_TSHARES_INS,T_SHARES,AFTER INSERT,ACTIVE
HIS_TSHARES_UPD,T_SHARES,AFTER UPDATE,ACTIVE
TD_T_SHARES,T_SHARES,BEFORE INSERT OR UPDATE,ACTIVE
HIS_TSTATUS_DEL,T_STATUS,AFTER DELETE,ACTIVE
HIS_TSTATUS_INS,T_STATUS,AFTER INSERT,ACTIVE
HIS_TSTATUS_UPD,T_STATUS,AFTER UPDATE,ACTIVE
TD_T_STATUS,T_STATUS,BEFORE INSERT OR UPDATE,ACTIVE
HIS_TSUBCLASSIFICATION_DEL,T_SUBCLASSIFICATION,AFTER DELETE,ACTIVE
HIS_TSUBCLASSIFICATION_INS,T_SUBCLASSIFICATION,AFTER INSERT,ACTIVE
HIS_TSUBCLASSIFICATION_UPD,T_SUBCLASSIFICATION,AFTER UPDATE,ACTIVE
TD_T_SUBCLASSIFICATION,T_SUBCLASSIFICATION,BEFORE INSERT OR UPDATE,ACTIVE
HIS_TTAXPERIOD_DEL,T_TAXPERIOD,AFTER DELETE,ACTIVE
HIS_TTAXPERIOD_INS,T_TAXPERIOD,AFTER INSERT,ACTIVE
HIS_TTAXPERIOD_UPD,T_TAXPERIOD,AFTER UPDATE,ACTIVE
TD_T_TAXPERIOD,T_TAXPERIOD,BEFORE INSERT OR UPDATE,ACTIVE
HIS_TTRANSAPPROVAL_DEL,T_TRANSAPPROVAL,AFTER DELETE,ACTIVE
HIS_TTRANSAPPROVAL_INS,T_TRANSAPPROVAL,AFTER INSERT,ACTIVE
HIS_TTRANSAPPROVAL_UPD,T_TRANSAPPROVAL,AFTER UPDATE,ACTIVE
HIS_TTREEVIEWMENU_DEL,T_TREEVIEWMENU,AFTER DELETE,ACTIVE
HIS_TTREEVIEWMENU_INS,T_TREEVIEWMENU,AFTER INSERT,ACTIVE
HIS_TTREEVIEWMENU_UPD,T_TREEVIEWMENU,AFTER UPDATE,ACTIVE
TD_T_TREEVIEWMENU,T_TREEVIEWMENU,BEFORE INSERT,ACTIVE
HIS_TUNIT_DEL,T_UNIT,AFTER DELETE,ACTIVE
HIS_TUNIT_INS,T_UNIT,AFTER INSERT,ACTIVE
HIS_TUNIT_UPD,T_UNIT,AFTER UPDATE,ACTIVE
TD_T_UNIT,T_UNIT,BEFORE INSERT OR UPDATE,ACTIVE
HIS_TWATERITEM_DEL,T_WATERITEM,AFTER DELETE,ACTIVE
HIS_TWATERITEM_INS,T_WATERITEM,AFTER INSERT,ACTIVE
HIS_TWATERITEM_UPD,T_WATERITEM,AFTER UPDATE,ACTIVE
TD_T_WATERITEM,T_WATERITEM,BEFORE INSERT OR UPDATE,ACTIVE
HIS_TWATERITEMGROUP_DEL,T_WATERITEMGROUP,AFTER DELETE,ACTIVE
HIS_TWATERITEMGROUP_INS,T_WATERITEMGROUP,AFTER INSERT,ACTIVE
HIS_TWATERITEMGROUP_UPD,T_WATERITEMGROUP,AFTER UPDATE,ACTIVE
TD_T_WATERITEMGROUP,T_WATERITEMGROUP,BEFORE INSERT OR UPDATE,ACTIVE
HIS_TWATERORDINANCE_DEL,T_WATERORDINANCE,AFTER DELETE,ACTIVE
HIS_TWATERORDINANCE_INS,T_WATERORDINANCE,AFTER INSERT,ACTIVE
HIS_TWATERORDINANCE_UPD,T_WATERORDINANCE,AFTER UPDATE,ACTIVE
TD_T_WATERORDINANCE,T_WATERORDINANCE,BEFORE INSERT OR UPDATE,ACTIVE
HIS_TWATERREPORTS_DEL,T_WATERREPORTS,AFTER DELETE,ACTIVE
HIS_TWATERREPORTS_INS,T_WATERREPORTS,AFTER INSERT,ACTIVE
HIS_TWATERREPORTS_UPD,T_WATERREPORTS,AFTER UPDATE,ACTIVE
TD_T_WATERREPORTS,T_WATERREPORTS,BEFORE INSERT OR UPDATE,ACTIVE
HIS_TWCLASSCODE_DEL,T_WCLASSCODE,AFTER DELETE,ACTIVE
HIS_TWCLASSCODE_INS,T_WCLASSCODE,AFTER INSERT,ACTIVE
HIS_TWCLASSCODE_UPD,T_WCLASSCODE,AFTER UPDATE,ACTIVE
TD_T_WCLASSCODE,T_WCLASSCODE,BEFORE INSERT OR UPDATE,ACTIVE
HIS_TWCONNECTIONRATE_DEL,T_WCONNECTIONRATE,AFTER DELETE,ACTIVE
HIS_TWCONNECTIONRATE_INS,T_WCONNECTIONRATE,AFTER INSERT,ACTIVE
HIS_TWCONNECTIONRATE_UPD,T_WCONNECTIONRATE,AFTER UPDATE,ACTIVE
TD_T_WCONNECTIONRATE,T_WCONNECTIONRATE,BEFORE INSERT OR UPDATE,ACTIVE
HIS_TWCONNECTIONTYPE_DEL,T_WCONNECTIONTYPE,AFTER DELETE,ACTIVE
HIS_TWCONNECTIONTYPE_INS,T_WCONNECTIONTYPE,AFTER INSERT,ACTIVE
HIS_TWCONNECTIONTYPE_UPD,T_WCONNECTIONTYPE,AFTER UPDATE,ACTIVE
TD_T_WCONNECTIONTYPE,T_WCONNECTIONTYPE,BEFORE INSERT OR UPDATE,ACTIVE
HIS_TWCSTATUS_DEL,T_WCSTATUS,AFTER DELETE,ACTIVE
HIS_TWCSTATUS_INS,T_WCSTATUS,AFTER INSERT,ACTIVE
HIS_TWCSTATUS_UPD,T_WCSTATUS,AFTER UPDATE,ACTIVE
TD_T_WCSTATUS,T_WCSTATUS,BEFORE INSERT OR UPDATE,ACTIVE
HIS_TWNODE_DEL,T_WNODE,AFTER DELETE,ACTIVE
HIS_TWNODE_INS,T_WNODE,AFTER INSERT,ACTIVE
HIS_TWNODE_UPD,T_WNODE,AFTER UPDATE,ACTIVE
TD_T_WNODE,T_WNODE,BEFORE INSERT OR UPDATE,ACTIVE
HIS_TWOWI_DEL,T_WOWI,AFTER DELETE,ACTIVE
HIS_TWOWI_INS,T_WOWI,AFTER INSERT,ACTIVE
HIS_TWOWI_UPD,T_WOWI,AFTER UPDATE,ACTIVE
TD_T_WOWI,T_WOWI,BEFORE INSERT OR UPDATE,ACTIVE
HIS_TWSECTOR_DEL,T_WSECTOR,AFTER DELETE,ACTIVE
HIS_TWSECTOR_INS,T_WSECTOR,AFTER INSERT,ACTIVE
HIS_TWSECTOR_UPD,T_WSECTOR,AFTER UPDATE,ACTIVE
TD_T_WSECTOR,T_WSECTOR,BEFORE INSERT OR UPDATE,ACTIVE
HIS_TWSTUBOUT_DEL,T_WSTUBOUT,AFTER DELETE,ACTIVE
HIS_TWSTUBOUT_INS,T_WSTUBOUT,AFTER INSERT,ACTIVE
HIS_TWSTUBOUT_UPD,T_WSTUBOUT,AFTER UPDATE,ACTIVE
TD_T_WSTUBOUT,T_WSTUBOUT,BEFORE INSERT OR UPDATE,ACTIVE
HIS_TWZONE_DEL,T_WZONE,AFTER DELETE,ACTIVE
HIS_TWZONE_INS,T_WZONE,AFTER INSERT,ACTIVE
HIS_TWZONE_UPD,T_WZONE,AFTER UPDATE,ACTIVE
TD_T_WZONE,T_WZONE,BEFORE INSERT OR UPDATE,ACTIVE
TD_WATERBILL,WATERBILL,BEFORE INSERT OR UPDATE,ACTIVE
TD_WATERBILLDETAIL,WATERBILLDETAIL,BEFORE INSERT OR UPDATE,ACTIVE
TD_WATERCONTRACT,WATERCONTRACT,BEFORE INSERT OR UPDATE,ACTIVE
TD_WATERMETER,WATERMETER,BEFORE INSERT OR UPDATE,ACTIVE
WATERMETER_HISTORY,WATERMETER,BEFORE UPDATE,ACTIVE
TD_WC_DETAIL,WC_DETAIL,BEFORE INSERT OR UPDATE,ACTIVE
TD_WMREADER_BARANGAY,WMREADER_BARANGAY,BEFORE INSERT OR UPDATE,ACTIVE
TD_WM_READING,WM_READING,BEFORE INSERT OR UPDATE,ACTIVE
TD_WM_READINGLIST,WM_READINGLIST,BEFORE INSERT OR UPDATE,ACTIVE
TD_WM_WC,WM_WC,BEFORE INSERT OR UPDATE,ACTIVE
WM_WC_HISTORY,WM_WC,BEFORE UPDATE,ACTIVE
